symbol,price,1h,24h,7d,date,volume_mkt_cap_ratio,log_price,encoded_symbol
BTC,40859.46,0.022,0.03,0.055,2022-03-16,0.045902925120492925,10.617918126262232,0.09845640509429
ETH,2744.41,0.024,0.034,0.065,2022-03-16,0.0603742827674442,7.917685705267398,0.10033925135969612
USDT,1.0,-0.001,-0.001,0.0,2022-03-16,0.7245026784105981,0.6931471805599453,0.18674798369797233
BNB,383.43,0.018,0.0279999999999999,0.004,2022-03-16,0.02179529662260854,5.95176171775536,0.09531979832992032
USDC,0.999874,-0.001,0.0,-0.0,2022-03-16,0.07415004064923623,0.693084178575362,0.10213159420089013
XRP,0.785018,0.019,0.019,0.089,2022-03-16,0.10458626405703601,0.5794284992143723,0.10609160479385032
LUNA,89.51,0.024,-0.005,0.046,2022-03-16,0.08078404796134643,4.505460341839079,0.10299473477118176
SOL,85.61,0.024,0.0139999999999999,0.0409999999999999,2022-03-16,0.06450371573777745,4.461415282342953,0.10087652558345045
ADA,0.824161,0.016,0.016,0.0279999999999999,2022-03-16,0.03610520919858414,0.6011201553006489,0.0971816392234484
DOT,18.55,0.031,0.035,0.095,2022-03-16,0.03777888048126458,2.972975286431375,0.0973993980406231
AVAX,73.69,0.034,0.032,0.011,2022-03-16,0.044308710197443646,4.313346214368975,0.09824898422284534
BUSD,1.0,-0.002,0.002,0.002,2022-03-16,0.2247260414441783,0.6931471805599453,0.12172280794000159
DOGE,0.11566,0.015,0.023,-0.011,2022-03-16,0.02950835850166195,0.10944615804277834,0.09632333304367137
UST,1.0,-0.001,0.003,0.001,2022-03-16,0.04939674963970482,0.6931471805599453,0.09891098127217669
SHIB,2.241815e-05,0.024,0.0279999999999999,-0.021,2022-03-16,0.0448334367871351,2.2417898717030817e-05,0.09831725559888778
WBTC,40820.44,0.02,0.03,0.055,2022-03-16,0.03999459261578495,10.616962712566709,0.09768768096607314
CRO,0.401575,0.018,0.043,0.038,2022-03-16,0.009816764868894257,0.3375966042829222,0.09376128983833584
MATIC,1.44,0.0289999999999999,0.034,-0.0,2022-03-16,0.06748431142996515,0.8919980393051105,0.10126432634165392
DAI,0.999429,-0.0,-0.001,-0.0,2022-03-16,0.033184226904970165,0.6928616397970615,0.09680159467358494
ATOM,28.8,0.017,0.051,0.035,2022-03-16,0.09403275664647646,3.3945083935113587,0.10471850404548383
LTC,109.44,0.016,0.013,0.089,2022-03-16,0.09642715624218526,4.704472387061954,0.10503003572389688
STETH,2745.31,0.026,0.035,0.067,2022-03-16,0.002915432134823436,7.9180134714346675,0.09286336796523446
NEAR,10.61,0.0409999999999999,0.032,0.091,2022-03-16,0.05844498393592064,2.4518667957098,0.10008823323213628
LINK,14.41,0.023,0.064,0.102,2022-03-16,0.1076506168730704,2.7350166493320245,0.10649030306365452
TRX,0.060751875857,0.011,0.005,0.003,2022-03-16,0.09908518841901454,0.05897797352390439,0.1053758682352319
FTT,42.37,0.02,0.024,0.045,2022-03-16,0.015696987134128988,3.7697679578472747,0.09452635658618086
BCH,295.57,0.018,0.015,0.039,2022-03-16,0.24558985408927378,5.69228327826318,0.1244373667726504
LEO,5.97,0.0069999999999999,0.01,0.055,2022-03-16,0.00014990865228717583,1.9416152247724325,0.09250354992410663
OKB,19.05,0.013,0.039,0.072,2022-03-16,0.03648218675218627,2.998229153752578,0.09723068719781666
ALGO,0.731009,0.025,0.0139999999999999,-0.01,2022-03-16,0.03141508516982285,0.5487044754873149,0.09657141434149302
XLM,0.186969,0.017,0.026,0.079,2022-03-16,0.05617158192979692,0.17140299902701786,0.09979244436550574
UNI,9.05,0.032,0.04,0.025,2022-03-16,0.04593702004651859,2.307572634505085,0.09846084113309872
HBAR,0.200008,0.012,-0.0069999999999999,-0.024,2022-03-16,0.01671180729325279,0.18232822343839916,0.09465839328883728
AXS,50.46,0.036,0.062,0.089,2022-03-16,0.07740265782478321,3.940804806853598,0.10255478725928743
MANA,2.43,0.021,0.065,0.0139999999999999,2022-03-16,0.13176905910702394,1.2325602611778486,0.1096283167867263
ETC,26.93,0.0279999999999999,0.031,0.01,2022-03-16,0.08833228758735288,3.3297013799570854,0.10397682471304778
EGLD,162.55,0.025,0.049,0.2289999999999999,2022-03-16,0.08979441539706276,5.097118753984393,0.10416705993169285
SAND,3.08,0.009,0.126,0.092,2022-03-16,0.28370464657814815,1.4060969884160703,0.12939642427404008
ICP,16.26,0.02,0.019,-0.035,2022-03-16,0.04584666802641438,2.848391685655282,0.09844908556960734
XMR,189.34,0.003,0.011,-0.073,2022-03-16,0.07364136494970233,5.248811946644198,0.10206541118167825
CETH,53.71,-0.001,0.009,0.04,2022-03-16,3.411269041569334e-07,4.002046508075734,0.0924840899215648
VET,0.047848054559,0.0279999999999999,0.033,0.0279999999999999,2022-03-16,0.08935620893307589,0.04673858927952424,0.10411004555720751
FTM,1.22,0.043,0.022,-0.079,2022-03-16,0.3817534802467602,0.7975071958841881,0.14215340843573454
FIL,17.27,0.016,0.01,-0.0409999999999999,2022-03-16,0.08662291974159272,2.9052603703899154,0.10375442147051077
OSMO,9.39,0.0139999999999999,0.018,-0.001,2022-03-16,0.030932268478262637,2.340843805111136,0.09650859579835713
KLAY,1.1,0.016,0.023,-0.012,2022-03-16,0.018827412687596395,0.7419373447293773,0.09493365147904945
FRAX,0.998392,-0.002,0.001,-0.0,2022-03-16,0.0063461442018196606,0.6923428571786012,0.09330973267825007
WAVES,28.62,0.0139999999999999,0.081,0.273,2022-03-16,0.5269009226087412,3.3884498088396526,0.16103832071914306
THETA,2.82,0.032,0.033,-0.004,2022-03-16,0.04246083443503467,1.3402504226184837,0.09800855992658594
MIM,0.997676,0.0,0.004,0.002,2022-03-16,0.01603344047761475,0.6919845049144946,0.09457013201739613
GRT,0.440816,0.003,0.0409999999999999,0.315,2022-03-16,0.14228077743997347,0.3652096197596489,0.11099598042195993
XTZ,3.05,0.021,0.025,0.013,2022-03-16,0.04307687354399178,1.3987168811184478,0.09808871183520029
CUSDC,0.022533007284,-0.001,0.001,0.001,2022-03-16,1.707946199933153e-08,0.022282889376147898,0.09248404776024648
HNT,21.72,-0.002,0.048,0.026,2022-03-16,0.010264200628900924,3.1232455938529506,0.09381950502244575
RUNE,7.23,0.04,-0.059,0.769,2022-03-16,0.13755954633764625,2.1077860146889784,0.10211825171658663
EOS,2.06,0.019,0.032,0.048,2022-03-16,0.16730838048229454,1.1184149159642893,0.11425228367075904
OMI,0.003406821495,0.019,0.027,-0.2189999999999999,2022-03-16,0.0017420726492057888,0.003401031425412942,0.0927107039526814
MIOTA,0.712336,0.018,0.011,0.012,2022-03-16,0.013634638699176829,0.5378585201449889,0.09425802757770432
CDAI,0.021895790224,-0.001,0.0,-0.0,2022-03-16,4.834152216012782e-08,0.021659520069854263,0.09248405182770543
FLOW,5.43,0.017,0.023,-0.053,2022-03-16,0.029870613047482772,1.860974538249528,0.09637046542995917
TFUEL,0.162482,0.024,0.0069999999999999,0.064,2022-03-16,0.008538642901725286,0.1505573744885302,0.09359499533913765
AAVE,137.44,0.037,0.131,0.129,2022-03-16,0.15162271988223072,4.930437018767144,0.11221144630070895
ZEC,148.94,0.02,0.065,0.075,2022-03-16,0.1536317589575854,5.010235214074916,0.112472839309739
MKR,1982.58,0.0289999999999999,0.071,0.129,2022-03-16,0.052383306147745314,7.592658571886189,0.09929955758303673
JUNO,38.35,0.018,0.096,-0.03,2022-03-16,0.006575499473767057,3.6724959748634123,0.09333957374277026
GALA,0.227781,0.026,0.047,0.037,2022-03-16,0.3217582648149263,0.20520847505848777,0.13434752248681925
BTT,1.812224e-06,0.0069999999999999,0.022,0.003,2022-03-16,0.05241193857612243,1.812222357924071e-06,0.09930328290461017
AR,32.52,-0.003,0.074,0.002,2022-03-16,0.03091922239543068,3.5121422756138823,0.09650689839242346
HBTC,41217.27,0.026,0.039,0.068,2022-03-16,0.00011602587365624331,10.626636883646173,0.09249914148747178
CAKE,5.57,0.026,0.01,-0.068,2022-03-16,0.06801654779074327,1.8825138324965192,0.10133357480255527
QNT,112.58,0.018,0.003,0.013,2022-03-16,0.01576197672700159,4.732507434449286,0.09453481228295899
ONE,0.127445,0.025,0.017,-0.012,2022-03-16,0.0500983929969423,0.1199540107170848,0.09900227101893379
XEC,7.9294818e-05,0.019,-0.005,0.144,2022-03-16,0.025006562298205616,7.929167433210246e-05,0.09573761120774653
BSV,77.11,0.013,0.015,-0.019,2022-03-16,0.0925499081562684,4.358118089622206,0.10452557289071139
NEO,20.13,0.024,0.0279999999999999,-0.017,2022-03-16,0.10538540859992915,3.0506938316279655,0.10619558027112166
TUSD,1.0,0.0,0.001,0.001,2022-03-16,0.08177185736445079,0.6931471805599453,0.1031232571455811
HT,8.98,0.01,0.009,-0.025,2022-03-16,0.023066907790300913,2.300583090323373,0.09548524571893173
KCS,18.41,0.0139999999999999,0.009,0.02,2022-03-16,0.006169729249984162,2.9657883971809187,0.09328677959801193
CEL,3.18,0.009,0.032,0.098,2022-03-16,0.0029178406786029257,1.430311246536665,0.09286368133719106
STX,1.26,0.018,0.026,0.183,2022-03-16,0.03367770843081806,0.8153648132841945,0.09686580080203934
HEART,0.044270474958,0.025,0.086,-0.547,2022-03-16,0.0014153223662633386,0.043318531536419354,0.09266819097187008
ENJ,1.4,0.018,0.05,0.046,2022-03-16,0.10288840240108867,0.8754687373538999,0.10587069860411559
BAT,0.822605,0.021,0.055,0.251,2022-03-16,0.2654611236587944,0.6002667964098256,0.12702278733999658
NEXO,2.19,0.015,0.031,0.098,2022-03-16,0.003749010690094748,1.1600209167967532,0.09297182359932253
AMP,0.025036137658,0.018,0.0069999999999999,0.003,2022-03-16,0.006743580254782974,0.024727868220591788,0.09336144247675798
XRD,0.121859,0.015,0.064,-0.001,2022-03-16,0.0001802482728419312,0.11498713075436555,0.09250749736584976
KSM,126.84,0.025,0.04,0.038,2022-03-16,0.058182313597776536,4.850779482017964,0.10005405759517995
CELO,2.52,0.022,0.037,-0.076,2022-03-16,0.043398797886557164,1.2584609896100056,0.09813059692027178
KDA,6.23,0.024,0.009,0.031,2022-03-16,0.05525001634220616,1.9782390361706734,0.09967254087287887
CHZ,0.198241,0.026,0.024,0.02,2022-03-16,0.10426474937853643,0.18085464807592244,0.10604977300954543
DASH,97.64,0.016,0.005,0.03,2022-03-16,0.23702875215166544,4.591476858856089,0.12332349486068207
FXS,17.92,0.006,-0.011,0.006,2022-03-16,0.004687584874573625,2.9402195636237325,0.09309394005454157
USDP,0.999025,-0.002,0.001,-0.001,2022-03-16,0.05794167433777102,0.6926595616931871,0.10002274838818878
BIT,1.12,0.025,0.019,0.036,2022-03-16,0.05493106124212016,0.7514160886839212,0.09963104211141639
GT,6.52,0.012,0.031,-0.005,2022-03-16,0.0078543613989197,2.017566137961748,0.0935059645167728
CVX,18.29,0.038,0.054,0.147,2022-03-16,0.046210334604512904,2.9595868269176377,0.09849640167326056
SNX,4.24,0.053,0.079,0.084,2022-03-16,0.07007710906059905,1.6563214983329508,0.10160167128570768
XIDO,30.86,-0.027,-0.049,0.7659999999999999,2022-03-16,0.0016383181565874142,3.4613513044819024,0.09269720461393852
LRC,0.710702,0.03,0.035,-0.033,2022-03-16,0.1272995785598512,0.5369038125874851,0.10904679949153856
XEM,0.098240605826,0.021,0.043,0.037,2022-03-16,0.023722594437271538,0.0937094500707216,0.09557055610822927
ANC,3.1,0.06,0.088,-0.18,2022-03-16,0.13314950146760032,1.410986973710262,0.10980792403620696
ROSE,0.227889,0.036,0.07,0.027,2022-03-16,0.08288680382757822,0.20529643475997017,0.10326832112889503
CRV,2.02,0.026,0.022,-0.006,2022-03-16,0.19075681682045884,1.1052568313867783,0.11730312394891548
DCR,56.87,0.02,0.143,0.088,2022-03-16,0.031801239966375086,4.058199115585747,0.09662165635294039
CUSDT,0.021768404499,0.0,0.0,0.0,2022-03-16,1.0460710127296221e-05,0.02153485602231269,0.09248540656509915
SCRT,4.61,0.017,0.008,0.027,2022-03-16,0.02601880139183363,1.724550719534605,0.09586931209190905
LN,129.46,0.036,0.018,0.024,2022-03-16,0.0015905240853378451,4.87106666636795,0.09269098620024464
MINA,1.81,0.015,0.105,-0.004,2022-03-16,0.09305210640487523,1.0331844833456545,0.10459091313866539
HOT,0.00414796568,0.027,0.027,0.0279999999999999,2022-03-16,0.08606144688133524,0.004139386586034607,0.10368136909326645
COMP,109.58,0.026,0.045,0.052,2022-03-16,0.05613094644462018,4.705739240909787,0.09978715734452441
IOTX,0.076638517501,0.042,0.0069999999999999,0.1169999999999999,2022-03-16,0.12790788090344526,0.0738437034887626,0.10912594478141502
KUB,7.89,0.004,0.0,-0.034,2022-03-16,0.0031386249496027675,2.1849270495258133,0.09289240724185419
USDN,1.0,0.003,-0.001,0.0069999999999999,2022-03-16,0.02226806590188547,0.6931471805599453,0.09538130961957275
YFI,18982.86,0.017,0.017,-0.0139999999999999,2022-03-16,0.12069252256006571,9.851344423457139,0.10818716551537558
NXM,92.51,0.026,0.035,0.065,2022-03-16,3.0133787972051343e-06,4.5380683824473556,0.09248443760418172
XDC,0.050635431946,-0.002,-0.022,0.0969999999999999,2022-03-16,0.016113430413198893,0.04939515440783117,0.09458053938587938
1INCH,1.5,0.021,0.111,0.163,2022-03-16,0.19550119988450643,0.9162907318741551,0.11792040839117235
WAXP,0.274089,0.021,0.02,0.0,2022-03-16,0.043622177987981986,0.24223141342268126,0.09815966056447122
SLP,0.016547553043,0.019,0.018,-0.076,2022-03-16,0.16165503575171639,0.01641213414601988,0.11351673561281543
QTUM,5.95,0.0289999999999999,0.023,0.036,2022-03-16,0.12893807584680989,1.9387416595767009,0.10925998187379267
PAXG,1935.78,0.0069999999999999,0.005,-0.057,2022-03-16,0.05027009722396852,7.5687820792590905,0.09902461119395385
SUSHI,3.12,0.036,0.069,0.0819999999999999,2022-03-16,0.21915280036349907,1.415853163361435,0.12099768204573724
RENBTC,40555.22,0.016,0.034,0.048,2022-03-16,0.024609253138524616,10.610444438655843,0.09568591791912999
LPT,23.82,0.03,0.023,0.024,2022-03-16,0.019146155513141465,3.211649779776461,0.09497512262179526
ANKR,0.072181812557,0.023,0.016,-0.064,2022-03-16,0.06942705058301077,0.06969564953379973,0.10151709316894195
BNT,2.29,0.017,0.033,0.062,2022-03-16,0.04475364040880223,1.1908875647772805,0.0983068734138432
POKT,0.699085,0.019,-0.003,-0.055,2022-03-16,0.0016789883432587335,0.5300898708674407,0.09270249614987838
MSOL,88.63,0.025,0.0139999999999999,0.043,2022-03-16,0.032271976795913836,4.4956900853692705,0.09668290320365815
OMG,4.11,0.019,0.016,0.081,2022-03-16,0.1856039695685225,1.631199404215613,0.11663269485434047
ZIL,0.041008132304,0.033,0.032,0.047,2022-03-16,0.06645327225113662,0.040189601613845605,0.10113017940708806
SFM,0.001028389235,0.038,-0.034,-0.088,2022-03-16,0.000718569756738723,0.0010278608050474205,0.0925775375528364
RNDR,2.43,0.024,0.035,-0.031,2022-03-16,0.0423398641853895,1.2325602611778486,0.0979928206719613
FEI,1.0,0.001,0.0,0.003,2022-03-16,0.018402474601621,0.6931471805599453,0.09487836343298446
GNO,298.83,0.021,0.025,-0.003,2022-03-16,0.005212070939622622,5.703215647373299,0.09316218013628975
ICX,0.753601,0.026,-0.013,0.21,2022-03-16,0.08198134753362583,0.5616713880268712,0.10315051359188651
RVN,0.051804162049,0.027,0.042,0.006,2022-03-16,0.03600639536360743,0.05050693923791496,0.09716878270613362
IOST,0.022568760363,0.025,0.011,0.015,2022-03-16,0.06826145427321831,0.022317853972599028,0.10136543921135172
BTG,29.74,0.018,0.0279999999999999,0.032,2022-03-16,0.017678885330984582,3.4255647381104497,0.09478421833691653
KAVA,3.16,0.023,0.035,0.034,2022-03-16,0.045060876102287345,1.425515074273172,0.09834684738119241
UMA,7.74,0.018,0.018,-0.016,2022-03-16,0.09149695813501968,2.167910189667444,0.10438857516986623
OKT,32.27,0.023,0.01,-0.062,2022-03-16,0.010570239395824526,3.5046560900303856,0.09385932325950612
SGB,0.062799688152,0.022,0.006,-0.1369999999999999,2022-03-16,0.005402315668024962,0.06090664148232667,0.09318693258765778
EXRD,0.122181,0.022,0.063,0.004,2022-03-16,0.005346398789736407,0.11527411316306589,0.09317965732793251
VLX,0.213154,-0.0,0.004,-0.037,2022-03-16,0.008497370034401465,0.19322357985891617,0.09358962538933756
RPL,30.03,0.024,0.0409999999999999,0.15,2022-03-16,0.0012027575161254315,3.434954478460289,0.09264053448351545
XAUT,1950.12,0.003,-0.002,-0.044,2022-03-16,0.007681641011780959,7.576158845651166,0.09348349213071079
GLMR,2.38,0.023,0.038,-0.036,2022-03-16,0.07830132609163908,1.2178757094949273,0.10267171161644649
SAPP,0.564647,0.02,0.001,0.0139999999999999,2022-03-16,0.0009188706895607432,0.4476602394444043,0.09260359840161936
ZEN,38.73,0.015,0.061,0.026,2022-03-16,0.06197650741735641,3.6821065698265074,0.100547714364483
WOO,0.492556,0.019,0.087,0.124,2022-03-16,0.12916511077690035,0.40049008651875073,0.10928952104217385
LUSD,1.0,0.0,0.0,-0.008,2022-03-16,0.006934840300716032,0.6931471805599453,0.09338632702954093
GLM,0.465346,0.016,0.022,-0.085,2022-03-16,0.03424457373402647,0.38209139205792414,0.0969395547818091
RLY,0.180078,0.026,0.001,-0.0579999999999999,2022-03-16,0.007228138956193798,0.16558053798786787,0.09342448767013786
BABYDOGE,2.864e-09,0.026,0.021,-0.039,2022-03-16,0.02353086808140594,2.8639999958987517e-09,0.09554561088457242
AUDIO,0.735289,0.027,0.026,0.02,2022-03-16,0.017660306556458536,0.551173970132667,0.0947818010809074
SC,0.008880296534,0.018,0.022,-0.004,2022-03-16,0.02750968305102413,0.008841098589394076,0.09606328843004211
METIS,146.38,0.026,0.009,-0.047,2022-03-16,0.08903457824473557,4.9930142853388535,0.10406819867903924
ONT,0.499727,0.021,0.0289999999999999,-0.011,2022-03-16,0.07106470150983235,0.40528309154415454,0.10173016543256985
ZRX,0.509791,0.025,0.035,0.0279999999999999,2022-03-16,0.06849033709891317,0.41197123065117597,0.10139521880661076
NFT,1.523622e-06,0.004,0.005,-0.047,2022-03-16,0.16376003363484767,1.5236208392891796e-06,0.11379061367592698
SKL,0.12635,0.013,0.043,0.1119999999999999,2022-03-16,0.02767637016167014,0.11898231623186555,0.09608497583570423
CHSB,0.428284,0.022,0.026,-0.054,2022-03-16,0.0026328732551094422,0.35647372369529706,0.09282660466047717
DYDX,4.64,0.0289999999999999,0.032,-0.036,2022-03-16,0.2394769191968872,1.7298840655099674,0.12364202213992165
ELON,7.24104e-07,0.043,0.072,0.0279999999999999,2022-03-16,0.027790873846694344,7.241037378368251e-07,0.09609987373547167
OHM,28.12,0.0139999999999999,-0.019,-0.086,2022-03-16,0.009029714853285967,3.3714252233284854,0.09365888796155768
DAG,0.152116,0.013,-0.013,0.249,2022-03-16,0.0026657663173245026,0.1416002516487987,0.0928308843266191
SYN,2.17,0.012,-0.078,0.0,2022-03-16,0.024232713158086592,1.1537315878891892,0.09563692687673853
IMX,1.57,0.043,0.012,0.049,2022-03-16,0.2398733208364251,0.9439058989071284,0.12369359735247691
CVXCRV,1.95,0.038,0.021,0.0069999999999999,2022-03-16,0.0002659683486255189,1.0818051703517284,0.09251865027413224
DOME,0.042328407322,-0.004,0.09,-0.07,2022-03-16,0.12310951342518246,0.04145706385015284,0.10850163650938523
GUSD,1.0,0.003,0.001,0.001,2022-03-16,0.008939989840643432,0.6931471805599453,0.09364721397705054
JST,0.048936163597,0.013,0.005,0.033,2022-03-16,0.21064908820627518,0.04777647303146614,0.11989127703053876
DESO,33.97,0.005,0.111,0.192,2022-03-16,0.0021700164535783306,3.5544905510752844,0.09276638306818141
POLY,0.384838,0.017,0.0139999999999999,-0.036,2022-03-16,0.03545489682081765,0.325583165289044,0.09709702807211781
NU,0.419373,0.004,0.01,-0.098,2022-03-16,0.012602593985179378,0.35021522480579925,0.09412374981449172
REN,0.338855,0.032,0.012,-0.012,2022-03-16,0.12173529373638418,0.29181477107679127,0.1083228388822361
KEEP,0.609779,0.012,0.019,-0.066,2022-03-16,0.006898225432205745,0.47609690249363834,0.09338156312486005
ILV,519.92,0.023,0.038,0.033,2022-03-16,0.033307259096901916,6.255596479099502,0.09681760220437473
FLUX,1.43,0.016,0.022,0.087,2022-03-16,0.04690670599261712,0.8878912573524571,0.09858700549215683
ENS,14.05,0.04,0.043,0.016,2022-03-16,0.12038999755368542,2.711377991194885,0.10814780444833878
HIVE,0.869127,0.015,0.0409999999999999,0.011,2022-03-16,0.038590167887635037,0.6254714769406924,0.09750495340733588
LDO,2.98,0.0409999999999999,0.085,0.515,2022-03-16,0.01452070342689868,1.3812818192963463,0.09437331210761507
GMT,0.534126,0.073,0.573,2.935,2022-03-16,3.182031115809709,0.4279608377726894,0.5064932593916528
SPELL,0.003547901833,0.015,0.009,-0.059,2022-03-16,0.08603484713129088,0.0035416228763236416,0.10367790824036974
CKB,0.010554840501,0.0139999999999999,0.02,-0.015,2022-03-16,0.019473240945593266,0.010499527048019373,0.09501767920839793
KNC,3.06,0.025,0.008,0.002,2022-03-16,0.1283916520319385,1.4011829736136414,0.10918888750488415
FLEX,3.97,0.002,0.006,-0.002,2022-03-16,4.256078845211892,1.6034198401085376,0.6462359708572127
HUSD,0.999103,0.0,0.001,0.0,2022-03-16,0.13916806838987594,0.692698579953738,0.11059099059631584
UOS,1.15,0.01,0.024,-0.037,2022-03-16,0.029111034616097375,0.7654678421395714,0.09627163783909258
PEOPLE,0.060612313279,0.061,0.102,0.075,2022-03-16,0.46772649809395744,0.05884639538289863,0.15333922662421617
LOOKS,1.29,0.086,0.177,0.231,2022-03-16,0.1587033505384423,0.8285518175661483,0.11313269635291652
JEWEL,4.16,0.04,0.016,-0.074,2022-03-16,0.03777833684517147,1.6409365794934714,0.09739932730896042
TEL,0.004899527146,0.008,0.027,-0.011,2022-03-16,0.009422097860623353,0.004887563524351989,0.09370994031600831
TOMB,1.18,0.031,0.01,-0.054,2022-03-16,0.04706487392639466,0.7793248768009976,0.09860758448071377
STARS,0.401895,0.0139999999999999,-0.005,-0.125,2022-03-16,0.005748439648690126,0.33782489279779115,0.09323196625072257
DGB,0.019668130187,0.03,0.018,0.059,2022-03-16,0.05279358561610871,0.01947721179253286,0.09935293841872794
XDB,0.389141,0.023,0.216,0.209,2022-03-16,0.0128670488865763,0.32868557049927427,0.09415815763825029
SYS,0.468329,0.023,-0.031,-0.074,2022-03-16,0.04276820719672387,0.3841250195238509,0.09804855172767006
LSK,2.03,0.015,0.006,0.019,2022-03-16,0.025912810148848168,1.1085626195212777,0.09585552173298838
TOKE,25.32,0.03,0.076,-0.004,2022-03-16,0.020910335486867715,3.2703291064571163,0.09520465738667855
XNO,2.2,-0.006,0.288,0.312,2022-03-16,0.37546727817783637,1.1631508098056809,0.14133552027500934
10SET,3.3,0.016,0.03,0.434,2022-03-16,0.010574382989099898,1.4586150226995167,0.09385986237610555
PLA,0.797778,0.021,0.04,-0.013,2022-03-16,0.06105502894545129,0.5865514579035128,0.10042782220634508
SAFEMOON,5.06313e-07,0.02,0.025,0.003,2022-03-16,1.2611272089637015e-05,5.063128718236162e-07,0.09248568637143509
RON,1.86,0.023,0.0289999999999999,-0.004,2022-03-16,0.008115361189367763,1.0508216248317612,0.09353992280131705
XPRT,3.3,0.012,0.045,0.038,2022-03-16,0.00943228815632531,1.4586150226995167,0.0937112661598354
RACA,0.001341144021,0.0279999999999999,0.0409999999999999,0.099,2022-03-16,0.056843314256199165,0.0013402454906401588,0.09987984243367426
ARRR,1.44,0.023,0.0279999999999999,0.312,2022-03-16,0.005308614927752973,0.8919980393051105,0.09317474132729431
MIMATIC,0.99909,0.002,0.006,0.002,2022-03-16,0.04341804938529881,0.6926920770160359,0.09813310170340225
CSPR,0.063408018304,0.023,0.1009999999999999,0.019,2022-03-16,0.04260364847949046,0.06147886231169532,0.09802714124402769
EVER,0.191627,-0.011,-0.009,0.001,2022-03-16,2.4497022696624243e-05,0.17531960021055962,0.09248723280831322
SXP,1.34,0.022,0.059,0.038,2022-03-16,0.27777725547202,0.8501509293696101,0.12862522046026895
FLOKI,2.8340322e-05,0.04,0.042,-0.037,2022-03-16,0.025149710739017832,2.833992042066171e-05,0.09575623603298805
ZNN,5.35,0.011,0.025,-0.019,2022-03-16,0.00016586474242841773,1.8484548129046001,0.09250562594665171
INJ,5.33,0.027,0.024,0.021,2022-03-16,0.06257359114741477,1.8453002361560848,0.10062540001766786
MXC,0.104299,-0.0,0.031,0.175,2022-03-16,0.08343244002409993,0.09921074451951027,0.1033393130219817
WIN,0.00026633365,0.011,0.02,-0.009,2022-03-16,0.4951585524452773,0.0002662981894895173,0.15690836936450922
WRX,0.558123,0.012,-0.002,-0.073,2022-03-16,0.02781879385743506,0.4434818917007981,0.09610350636547335
PERP,3.85,0.019,0.012,-0.009,2022-03-16,0.033236654153802246,1.5789787049493917,0.09680841590294553
MBOX,2.04,0.026,-0.024,0.06,2022-03-16,0.15199576044087454,1.1118575154181303,0.11225998203866962
ASTRO,2.02,0.034,-0.001,0.396,2022-03-16,0.02399748007531335,1.1052568313867783,0.0956063210592192
TWT,0.721272,0.026,-0.084,0.065,2022-03-16,0.18154463949432703,0.5430635523879059,0.11610454161145106
SRM,1.87,0.02,0.026,0.034,2022-03-16,0.1630622013168639,1.0543120297715298,0.1136998197776729
C98,1.34,0.024,0.035,0.066,2022-03-16,0.21112858229675835,0.8501509293696101,0.1199536632751176
MIR,1.71,0.016,-0.046,0.13,2022-03-16,0.44205294783661847,0.9969486348916096,0.14999888016875204
ZMT,2.79,-0.002,0.004,-0.005,2022-03-16,0.057565739656437645,1.332366019094335,0.09997383610034036
TRIBE,0.543192,0.011,0.01,0.0289999999999999,2022-03-16,0.03252042617968921,0.4338529985627673,0.09671522857393759
VVS,2.2321211e-05,0.018,0.022,-0.087,2022-03-16,0.016352076546269616,2.2320961885476766e-05,0.09461158927016583
HERO,0.045156504195,0.023,0.034,-0.106,2022-03-16,0.035790668781324614,0.04416663898305358,0.09714071484963326
CTC,1.14,0.015,0.015,0.023,2022-03-16,0.01362362819003009,0.76080582903376,0.09425659501715727
STSOL,87.91,0.024,0.013,0.04,2022-03-16,0.019825288689043645,4.487624622133048,0.0950634836032012
API3,4.7,0.0279999999999999,-0.008,-0.1009999999999999,2022-03-16,0.12871872377390398,1.7404661748405046,0.10923144231023851
ELG,3.37,0.024,0.021,0.051,2022-03-16,0.0029987244847273836,1.4747630091074988,0.09287420500580658
FX,0.488809,0.019,0.005,-0.005,2022-03-16,0.009053583784131645,0.39797647146465526,0.09366199351173468
RAY,2.51,0.013,0.0559999999999999,0.035,2022-03-16,0.14540354362467947,1.2556160374777743,0.11140227876604439
CET,0.061152343679,0.005,0.035,0.072,2022-03-16,0.0038058393556651073,0.05935543431885238,0.09297921749029997
EURT,1.1,0.004,0.008,0.012,2022-03-16,0.11168685594257877,0.7419373447293773,0.10701545197115257
FET,0.327851,0.022,0.0069999999999999,0.024,2022-03-16,0.09599570664100433,0.2835618459643057,0.10497390047452271
DENT,0.002351313514,0.023,0.017,0.008,2022-03-16,0.08480392999549001,0.0023485535019684934,0.10351775548976341
XCH,65.15,0.012,-0.021,-0.084,2022-03-16,0.046306345195474205,4.191924890560965,0.09850889346477322
SNT,0.056745127667,0.012,0.0069999999999999,-0.034,2022-03-16,0.03498627076148867,0.055193549777057094,0.09703605585049178
POWR,0.503878,0.01,0.005,-0.023,2022-03-16,0.14865177811177446,0.408047105216208,0.1118249015995336
MED,0.040119247871,0.011,0.025,0.025,2022-03-16,0.03592776270966024,0.039335367994586846,0.09715855193149343
XSUSHI,3.8,0.002,0.033,0.055,2022-03-16,0.0005022769940330656,1.5686159179138452,0.092549396031465
CHR,0.37938,0.0289999999999999,0.045,0.031,2022-03-16,0.2734899103458437,0.3216341228523802,0.12806740052683452
YGG,2.43,0.027,0.009,-0.057,2022-03-16,0.08268721256720486,1.2325602611778486,0.10324235261451166
TLOS,0.819159,0.02,0.052,-0.096,2022-03-16,0.020739350575443592,0.5983743063810962,0.09518241080071406
COTI,0.201515,0.017,0.048,0.008,2022-03-16,0.07388668667948742,0.18358326051096402,0.10209732961766868
ALUSD,0.997171,-0.001,-0.001,0.0,2022-03-16,0.01451775212474425,0.6917316792104363,0.09437292811819438
CELR,0.037068909834,0.0289999999999999,0.0279999999999999,-0.003,2022-03-16,0.17203241508109463,0.03639837818136602,0.11486692060524695
ORBS,0.072194784903,0.006,0.02,0.023,2022-03-16,0.13548209442083836,0.06970774847762846,0.11011141414666263
PYR,8.73,0.027,0.039,-0.044,2022-03-16,0.18531787461642416,2.2752138961979136,0.1165954714766
EWT,4.91,0.015,-0.009,0.042,2022-03-16,0.010829660569623539,1.776645831418007,0.09389307615264657
ASTR,0.10323,0.009,0.0069999999999999,0.032,2022-03-16,0.038939449075585546,0.09824224074577945,0.09755039784982382
OGN,0.434115,0.0069999999999999,-0.068,0.612,2022-03-16,0.8894233145835785,0.3605479342199803,0.20820555606141383
CRTS,0.002952176693,-0.009,-0.037,-0.13,2022-03-16,0.06645603229707361,0.0029478275768570574,0.1011305385124541
OCEAN,0.469383,0.0279999999999999,0.051,0.074,2022-03-16,0.10868601596624576,0.3848425847890814,0.1066250172600244
XYO,0.016347118202,0.001,0.009,-0.032,2022-03-16,0.022566602058736306,0.01621494258023479,0.0954201517034828
DPX,1126.14,0.034,0.006,0.031,2022-03-16,0.02308905214587616,7.027438729927148,0.09548812688725138
PLEX,0.815228,0.013,0.0279999999999999,-0.008,2022-03-16,0.0772896079520988,0.5962110796620141,0.10254007851282554
LYXE,13.05,0.016,0.015,-0.001,2022-03-16,0.005774370399855597,2.642622395779755,0.0932353400611958
DAO,2.19,0.012,-0.01,-0.042,2022-03-16,0.018140427553734722,1.1600209167967532,0.09484426889137265
BOBA,1.21,0.0069999999999999,0.061,0.136,2022-03-16,0.022712507662079565,0.7929925155296614,0.0954391352589348
MDX,0.223833,0.018,0.0289999999999999,0.051,2022-03-16,0.03772750651147331,0.20198773687313948,0.09739271385179159
UFO,7.530048e-06,0.03,0.033,-0.009,2022-03-16,0.026618673769976533,7.53001964933088e-06,0.09594736057184172
ARDR,0.192938,0.0139999999999999,0.02,-0.011,2022-03-16,0.03282764288119899,0.17641917194132778,0.09675520007026986
PUNDIX,0.740085,0.0139999999999999,0.022,-0.006,2022-03-16,0.022536290107386173,0.5539339626079998,0.09541620786173767
MASK,4.05,0.032,0.07,0.023,2022-03-16,0.24735777337335846,1.6193882432872684,0.12466738805349958
KNCL,3.07,0.025,0.02,-0.0,2022-03-16,1.0103485190020263,1.4036429994545037,0.2239389499203317
IBBTC,40647.97,0.019,0.023,0.052,2022-03-16,1.7343195465562677e-05,10.612728776401555,0.09248630203476634
XCM,0.609647,0.005,-0.055,-0.017,2022-03-16,0.00029677007158823964,0.47601490029817,0.09252265783931468
MX,1.86,0.016,0.017,0.0289999999999999,2022-03-16,0.0020659164571147433,1.0508216248317612,0.09275283877646034
RSR,0.013806375745,0.015,0.136,0.133,2022-03-16,0.3188838901936662,0.01371193599372457,0.13397354199009937
RAD,4.43,0.018,0.016,0.021,2022-03-16,0.027868612737671074,1.691939133945844,0.09610998822397533
CFX,0.116231,0.02,0.0069999999999999,-0.072,2022-03-16,0.02748178863472978,0.10995783178711244,0.0960596591300948
TIME,196.83,0.017,0.011,-0.085,2022-03-16,0.008241304379583755,5.287408076040001,0.09207171050368378
XSGD,0.73676,0.004,0.004,0.006,2022-03-16,0.022948747666012907,0.5520213084553764,0.09546987208543008
MLK,0.81278,0.012,0.0289999999999999,0.0279999999999999,2022-03-16,0.03771576606013498,0.5948615785740808,0.09739118631957963
CVC,0.268256,0.024,0.0559999999999999,0.032,2022-03-16,0.08366746724721527,0.2376427283819162,0.103369892055415
UBT,1.18,0.022,0.176,0.654,2022-03-16,0.016208516202006012,0.7793248768009976,0.09459291085279467
ANT,4.62,0.027,0.05,0.051,2022-03-16,0.1780215547216002,1.7263316639055997,0.11564615842662007
YOSHI,1.34,0.038,0.135,0.244,2022-03-16,0.017920106520096468,0.8501509293696101,0.09481560325781589
SUPER,0.606166,0.025,0.012,0.023,2022-03-16,0.09159834827566712,0.4738499725740797,0.10440176688638132
DIVI,0.06259333954,-0.003,0.057,-0.0409999999999999,2022-03-16,0.0013470167181008977,0.060712466936762806,0.09265930382819729
BTSE,8.42,0.006,0.012,0.127,2022-03-16,0.00967304660587445,2.2428350885882717,0.09374259087439624
GMX,22.78,0.0279999999999999,0.038,-0.062,2022-03-16,0.0228845232562375,3.1688448912626357,0.09546151594545733
REQ,0.218404,0.018,-0.001,0.122,2022-03-16,0.11197522986993723,0.19754180558751658,0.10705297186288726
MULTI,9.19,0.0139999999999999,0.049,-0.195,2022-03-16,0.008796178311053266,2.321406847234633,0.09362850287833976
ERG,3.26,0.006,0.004,0.0819999999999999,2022-03-16,0.005616964511458462,1.449269160281279,0.0932148602212007
RGT,14.92,0.021,-0.025,0.02,2022-03-16,0.00352392589384067,2.767576180416237,0.0929425381598796
FEG,3.984e-09,0.0279999999999999,0.0,0.05,2022-03-16,0.0030331146101640525,3.983999992063872e-09,0.09196389657985105
ACH,0.040564968565,0.018,0.035,-0.003,2022-03-16,0.056260871192960325,0.03976380465719722,0.09980406165531294
NMR,28.13,0.013,0.027,0.0,2022-03-16,0.031639638223012766,3.3717685709713434,0.09660063059665712
PRCH,0.000548739722,-0.01,-0.023,-0.0069999999999999,2022-03-16,0.0006523256114161361,0.0005485892194140641,0.092568918628153
MOVR,48.85,0.021,-0.025,-0.062,2022-03-16,0.14445553229019495,3.9090184964078474,0.11127893445763577
SBTC,40609.35,0.02,0.026,0.054,2022-03-16,0.0073525619984134314,10.611778239210059,0.09344067616233666
CTSI,0.311626,0.02,-0.01,0.02,2022-03-16,0.1046266123235678,0.2712675889086847,0.10609685444525196
JOE,0.883671,0.032,0.035,-0.0969999999999999,2022-03-16,0.05110138263844517,0.6332225324547419,0.09913276847099162
VERI,75.29,0.034,0.502,0.4,2022-03-16,0.0007955496882488173,4.334541868102138,0.09258755329428174
BFC,0.149179,0.013,0.017,0.01,2022-03-16,0.008689077933097767,0.13904777437441151,0.09361456821156028
SURE,0.005989952985,0.025,0.121,0.163,2022-03-16,0.007835706477140271,0.005972084535230795,0.09350353735336071
AURORA,6.85,-0.001,-0.02,-0.059,2022-03-16,0.00831342118312973,2.060513531794317,0.09356569208493777
ASD,0.210282,0.006,-0.012,-0.03,2022-03-16,0.014450095156411255,0.19085339030612725,0.09436412537326455
REEF,0.008455524242,0.024,0.025,0.034,2022-03-16,0.14216601066683549,0.008419976539309065,0.11098104829219937
WMT,0.656382,0.002,0.005,-0.005,2022-03-16,0.007944593991426427,0.5046357056898769,0.09351770454172166
MNGO,0.148804,0.021,0.011,-0.026,2022-03-16,0.0035130998289431624,0.13872140119991133,0.09294112959709244
BDX,0.101366,0.018,0.013,0.44,2022-03-16,0.0011352598750529917,0.09655122756769181,0.0926317524684124
PLT,17.61,0.004,0.004,0.015,2022-03-16,0.0048465071882970185,2.9236990706541595,0.09311461719432236
BICO,1.31,0.012,0.077,0.035,2022-03-16,0.1941672252320912,0.8372475245337022,0.11774684698430771
FEG,3.708e-09,0.017,0.009,0.024,2022-03-16,0.007235192948837821,3.707999993125368e-09,0.09196389657985105
KOGE,75.36,0.011999999999999952,0.004999999999999999,-0.05949999999999999,2022-03-16,0.003951680049013061,4.335458998857547,0.09299819260041152
ION,7053.41,0.0069999999999999,0.001,-0.143,2022-03-16,0.0006671218589064575,8.86140823215767,0.09257084374534026
MMF,1.1,0.015,0.043,0.325,2022-03-16,0.2742039039417681,0.7419373447293773,0.12816029714430519
OUSD,0.993428,0.001,-0.002,0.001,2022-03-16,0.005895605865402007,0.6898557698055344,0.09325111382265673
XVG,0.009127060437,0.024,0.027,-0.047,2022-03-16,0.030542190322021014,0.009085660536482626,0.09645784332456621
KISHU,1.544e-09,0.046,0.094,0.147,2022-03-16,0.04742184323502561,1.543999998808032e-09,0.09865402921285417
BAND,3.62,0.027,0.05,0.043,2022-03-16,0.17230021826074798,1.5303947050936475,0.11490176406838119
TON,3.57,0.01,0.025,-0.024,2022-03-16,0.014872873999459035,1.5195132049061133,0.09441913248352644
STORJ,1.04,0.023,0.042,0.106,2022-03-16,0.1985443265703962,0.712949807856125,0.1183163449615668
VTHO,0.003245192677,0.021,-0.004,0.062,2022-03-16,0.03604193317578708,0.003239938403595477,0.09717340647665851
USDX,0.969027,0.008,0.015,0.001,2022-03-16,0.005971434362669371,0.6775395121074111,0.09326097975274943
TRAC,0.400529,0.016,0.009,-0.042,2022-03-16,0.016270970505737618,0.3368500223940378,0.09460103668697059
MC,2.09,0.025,0.068,0.036,2022-03-16,0.17695873883312957,1.128171090909654,0.11550787707284241
ELF,0.318783,0.018,0.016,-0.012,2022-03-16,0.0885642890545949,0.27670934162583455,0.10400701007000063
AKT,1.09,0.016,-0.001,0.019,2022-03-16,0.012100676520485068,0.7371640659767197,0.0940584460989042
GPX,3.83,0.006,0.002,-0.072,2022-03-16,0.0012404386355054718,1.5748464676644813,0.09264543711647028
STARL,1.4396811e-05,0.045,0.022,-0.004,2022-03-16,0.096393602816242,1.439670736691117e-05,0.10502567013883775
NPXS,0.000600991914,0.0,-0.015,-0.128,2022-03-16,0.0,0.0006008113906847338,0.09248404553806373
ACA,1.1,0.035,0.022,0.018,2022-03-16,0.09442758235697224,0.7419373447293773,0.10476987421631573
OXT,0.237795,0.021,0.0,0.066,2022-03-16,0.08662651474209773,0.21333157089017968,0.10375488921054181
BETA,0.387492,0.019,0.012,-0.072,2022-03-16,0.1338973629634449,0.32749780085606467,0.10990522715446613
ARK,0.834377,0.0069999999999999,0.017,-0.0279999999999999,2022-03-16,0.019993878228936467,0.6067049143233381,0.09508541853103021
EURS,1.1,0.006,0.008,0.0139999999999999,2022-03-16,0.03390592503475362,0.7419373447293773,0.09689549371620171
MAGIC,2.78,0.069,0.283,0.004,2022-03-16,0.05434689867885457,1.3297240096314962,0.09955503761152992
KP3R,360.63,0.0069999999999999,0.022,0.006,2022-03-16,0.16404683294600086,5.890621589678419,0.11382792869674949
POLS,1.54,0.03,-0.012,0.31,2022-03-16,1.4817934387235836,0.9321640810304452,0.28527792917148953
HXRO,0.305377,0.008,0.0139999999999999,-0.062,2022-03-16,0.0009971721793472972,0.2664918879431854,0.09261378608899584
FLEXUSD,1.01,0.001,0.0,0.004,2022-03-16,0.0013486540769421106,0.6981347220709844,0.0926595168624581
BEZOGE,3.051e-09,0.012,-0.005,-0.0409999999999999,2022-03-16,0.0014250008170720938,3.0509999953456994e-09,0.09266945022033901
MAID,0.29492,0.023,0.01,0.045,2022-03-16,2.290867078638434e-05,0.25844891718150553,0.09248702615026944
PROM,7.96,0.017,0.008,0.015,2022-03-16,0.008213167865681189,2.192770226986839,0.09355264827875472
IBEUR,1.08,0.0,-0.004,0.009,2022-03-16,0.0007325054508381842,0.7323678937132266,0.09257935070473487
META,0.076908861633,0.0069999999999999,-0.036,0.046,2022-03-16,0.2527645360805057,0.07409477215438798,0.12537085370056925
SPA,0.166557,0.008,-0.017,-0.021,2022-03-16,0.0035766017060012653,0.15405667540898144,0.09294939172943566
RLC,1.81,0.019,0.057,0.075,2022-03-16,0.049797237672789055,1.0331844833456545,0.09896308815916192
DUSK,0.325281,0.021,-0.046,-0.038,2022-03-16,0.2148459121282509,0.2816245124250597,0.12043731938819716
DEP,0.027606422572,0.004,-0.009,-0.133,2022-03-16,0.04105397939403291,0.02723223630412603,0.09782551616355131
STMX,0.01399186433,0.025,0.022,0.003,2022-03-16,0.017985881824262744,0.013894881793608965,0.09482416118229173
RMRK,13.65,0.03,0.044,0.006,2022-03-16,0.036941689638261034,2.6844403354630764,0.09729047241728925
QRDO,2.55,0.035,0.134,0.089,2022-03-16,0.1889554786716894,1.2669476034873244,0.11706875459056723
STRAX,0.931273,0.015,0.026,-0.0139999999999999,2022-03-16,0.025414336466262184,0.6581793709781156,0.095790666082637
STPT,0.085865788522,0.0069999999999999,0.006,-0.0409999999999999,2022-03-16,0.09366521901951891,0.08237763056162134,0.10467068428556939
STEEM,0.315524,0.013,0.01,0.009,2022-03-16,0.048343267066564694,0.2742350653454734,0.09877391426181742
ALPHA,0.279294,0.018,0.054,0.021,2022-03-16,0.05954058602482222,0.24630836326497463,0.10023078034843218
NKN,0.192439,0.03,0.078,0.064,2022-03-16,0.07416128745442656,0.17600078943216557,0.1021330575055549
RIF,0.150149,0.017,0.032,0.0069999999999999,2022-03-16,0.009658054883184778,0.13989149919970215,0.093740640324229
BAL,11.45,0.0279999999999999,0.022,0.01,2022-03-16,0.19819855967749492,2.5217206229107165,0.11827135775864618
DAWN,1.7,0.016,0.023,0.033,2022-03-16,0.01969645225110655,0.9932517730102833,0.09504672089081884
GXC,1.64,0.021,-0.008,-0.019,2022-03-16,0.09138953004497981,0.9707789171582248,0.10437459786496742
SUN,0.01159957152,0.012,0.013,0.02,2022-03-16,0.2884236793927261,0.0115328122469562,0.13001041043401376
DERO,10.86,0.034,0.015,-0.141,2022-03-16,0.006741094553550041,2.4731713935695794,0.09336111906596284
KIRO,0.126408,0.019,0.019,-0.074,2022-03-16,0.00025201846230048203,0.11903380866914716,0.09251683527570496
TLM,0.096545880435,0.036,0.039,-0.002,2022-03-16,0.3725971849217206,0.09216513062240676,0.14096209682017657
STRK,37.95,0.0069999999999999,0.0139999999999999,-0.031,2022-03-16,0.08192966016239722,3.6622787723167574,0.10314378862687212
GHST,1.95,0.0069999999999999,0.008,0.017,2022-03-16,0.2411857675472418,1.0818051703517284,0.123864357791704
VR,0.144477,0.051,-0.003,0.032,2022-03-16,0.06026319447466347,0.13494776409671555,0.10032479783140284
AETHC,2196.39,0.021,0.002,-0.02,2022-03-16,0.011202361891681119,7.695025571423623,0.09394156775305255
DG,0.306293,0.005,0.002,0.003,2022-03-16,0.007341888922422961,0.26719335484946394,0.09343928750470278
MSHARE,12965.17,0.013,0.03,0.922,2022-03-16,0.0716320585508196,9.470098936862934,0.1018039833915918
FUN,0.010933267139,0.012,-0.004,-0.011,2022-03-16,0.007368729703507529,0.010873931073440427,0.09344277971778041
RUNE,7.15,0.07,-0.07,0.762,2022-03-16,0.015878009106228747,2.0980179272527715,0.10211825171658663
TRU,0.180166,0.025,-0.008,0.069,2022-03-16,0.08344564179068469,0.16565510654945792,0.10334103068369094
AGEUR,1.1,0.003,0.003,0.011,2022-03-16,0.03294289703283847,0.7419373447293773,0.09677019561210368
SETH2,2740.47,0.027,0.035,0.068,2022-03-16,0.00017156920894846573,7.916249551869766,0.09250636814608769
MPL,25.38,-0.005,-0.019,0.154,2022-03-16,0.026222062625667245,3.2726061472891685,0.09589575810094028
BOO,12.83,0.0279999999999999,-0.0279999999999999,-0.109,2022-03-16,0.04474030495959719,2.626840145676667,0.0983051383588922
AIOZ,0.237396,0.047,0.287,0.241,2022-03-16,0.12009191373672776,0.21300917152507529,0.10810902121768212
TSHARE,2920.47,0.043,0.077,-0.351,2022-03-16,0.093365656267861,7.979842193244181,0.10463170863297519
BIFI,1455.73,0.012,0.047,-0.059,2022-03-16,0.01265311008159399,7.283949476737243,0.094130322386727
TITAN,1.13,0.0,-0.002,-0.072,2022-03-16,0.00021958453655247773,0.7561219797213337,0.09251261534710828
SOUL,1.08,0.0279999999999999,0.13,-0.024,2022-03-16,0.024646349399964646,0.7323678937132266,0.09569074445711052
TORN,47.91,0.023,0.006,-0.071,2022-03-16,0.09017731298028793,3.8899818745512658,0.10421687815208355
ALCX,95.14,0.0279999999999999,-0.042,-0.125,2022-03-16,0.07685766001543583,4.565805462465814,0.10248387842578208
DODO,0.391699,0.033,0.064,0.0,2022-03-16,0.4830099890108764,0.3305253028977489,0.15532773831035723
HOO,1.34,-0.002,0.049,-0.0139999999999999,2022-03-16,0.07513228570591071,0.8501509293696101,0.10225939260666464
BTCST,15.38,0.032,0.022,-0.08,2022-03-16,0.09728345569409498,2.7960610784249234,0.10514144753918273
KAI,0.033106050211,0.005,0.012,0.092,2022-03-16,0.0328507987115122,0.032569847221422525,0.09675821284002452
KLV,0.021137782806,0.027,0.034,0.054,2022-03-16,0.04027330974537119,0.020917478957277445,0.09772394442658243
ORN,3.13,0.066,0.069,0.022,2022-03-16,0.09769496845241882,1.4182774069729414,0.10519498883634915
SAVAX,73.3,0.035,0.036,0.003,2022-03-16,0.002136592513157343,4.308110951723713,0.09276203433028604
LAT,0.045411075152,0.011,0.01,-0.0579999999999999,2022-03-16,0.03864241346872242,0.04441018141695833,0.09751175100018336
HTR,0.479597,0.052,0.047,0.025,2022-03-16,0.03127963005657341,0.39176975339908604,0.09655379048336347
SWP,1.81,-0.009,-0.013,0.02,2022-03-16,0.01713551883507486,1.0331844833456545,0.09471352175111374
XPR,0.010978430413,0.022,-0.02,-0.067,2022-03-16,0.04580907241762696,0.01091860490767581,0.09844419406230526
UTK,0.233365,0.018,-0.011,-0.0069999999999999,2022-03-16,0.05694977856831288,0.2097462063281302,0.09989369434289748
REGEN,0.862787,0.018,0.036,0.002,2022-03-16,0.0010627590533874884,0.6220737533600543,0.09262231949711544
ALICE,6.07,0.032,0.057,-0.002,2022-03-16,0.9445796074641416,1.9558604799084813,0.21538185717962258
BAKE,0.548429,0.027,0.033,-0.005,2022-03-16,0.10498540464893028,0.43724086855656186,0.10614353636731803
QKC,0.015632618015,0.009,0.006,-0.019,2022-03-16,0.021959835208137227,0.015511687322603513,0.09534120619425732
HYDRA,8.93,0.005,-0.089,-0.004,2022-03-16,0.0042958986364298015,2.295560478057081,0.0930429783556677
TOMO,1.17,0.02,0.046,0.039,2022-03-16,0.050425734000611094,0.7747271675523681,0.0990448608575176
MINE,0.053553941991,0.011,0.046,0.093,2022-03-16,0.009985508494024242,0.052169155600560124,0.09378324481395998
EPS,0.164725,0.0139999999999999,0.036,0.042,2022-03-16,0.07950151800925238,0.15248500765097708,0.10282786675578996
XVS,8.52,0.017,0.0069999999999999,-0.011,2022-03-16,0.07584134132838014,2.253394848803274,0.10235164675194265
RAIL,1.78,0.013,0.0559999999999999,-0.0409999999999999,2022-03-16,0.004386568746360893,1.0224509277025458,0.09305477530534116
SFUND,4.33,0.016,0.033,-0.161,2022-03-16,0.03364095093793918,1.673351238177753,0.09686101834071946
HEZ,6.09,0.009,0.003,0.0139999999999999,2022-03-16,0.001035785806961478,1.958685340544036,0.09261881004917434
ALPINE,8.76,0.003,0.049,1.7180000000000002,2022-03-16,1.5364142295422993,2.278292400425001,0.2923845569334131
ICHI,22.69,0.023,0.049,0.133,2022-03-16,0.009156448266531565,3.165053018170694,0.09367537705260587
JASMY,0.021231711358,0.005,0.253,0.913,2022-03-16,4.833199883901359,0.0210094589367421,0.721324308723888
C20,2.94,0.006,-0.047,-0.011,2022-03-16,0.0005364500425574151,1.3711807233098425,0.09255384223467285
XDG,0.32163,0.01,0.013,0.002,2022-03-16,0.001229721578204295,0.27886582328481024,0.09264404273649515
MTL,1.52,0.024,0.0289999999999999,-0.0069999999999999,2022-03-16,0.12735458616481762,0.9242589015233319,0.10905395644709912
WILD,1.17,0.065,-0.002,-0.127,2022-03-16,0.04876168468108895,0.7747271675523681,0.09882835393928978
WCFG,0.486023,0.004,0.021,-0.008,2022-03-16,0.017542513419315807,0.3961034239685198,0.09476647519554333
BCD,0.515751,0.008,0.025,-0.016,2022-03-16,0.008527409052870624,0.41591102570888827,0.09359353372020195
CBAT,0.013887822764,0.0034999999999999996,0.013000000000000001,-0.009000000000000001,2022-03-16,0.04801022978522485,0.013792270611344613,0.0987305832892363
SUSD,0.995877,-0.001,0.001,-0.002,2022-03-16,0.08840901971552327,0.6910835527439889,0.10398680821317867
SETH,2732.47,0.025,0.034,0.065,2022-03-16,0.053098411881652104,7.913327143334277,0.09939259889908357
AUCTION,13.1,0.016,0.018,0.027,2022-03-16,0.018463277259392105,2.6461747973841225,0.09488627437402428
REP,13.43,0.019,0.02,-0.015,2022-03-16,0.08480398551626417,2.6693093727857793,0.10351776271348663
VRA,0.020985885492,0.048,0.0559999999999999,0.009,2022-03-16,0.6385222221037014,0.02076871488716926,0.1755611977028476
NSBT,36.47,0.0139999999999999,0.09,0.349,2022-03-16,0.003968232886029421,3.623540612805596,0.0930003462647821
PTP,4.82,0.045,-0.049,-0.153,2022-03-16,0.03199793167231646,1.7613002617433464,0.09664724761072027
AMPL,1.12,0.019,0.146,0.235,2022-03-16,0.10763039796884662,0.7514160886839212,0.10648767241287267
WAN,0.473501,0.018,0.01,-0.024,2022-03-16,0.08012634453337042,0.3876412018516427,0.1029091619815845
IDEX,0.142817,0.013,-0.002,-0.018,2022-03-16,0.2524991203161997,0.13349626700762537,0.12533632086040353
RDPX,101.45,0.0559999999999999,0.04,0.113,2022-03-16,0.038631364435088356,4.629374874684909,0.09751031342727405
IQ,0.009006140462,0.0069999999999999,0.031,0.022,2022-03-16,0.037767916918217785,0.008965827043737117,0.0973979715881615
ZPAY,0.309582,0.037,0.049,0.32,2022-03-16,0.002231859645351278,0.26970800232547304,0.09277442939151273
ETN,0.005086662997,0.017,0.026,-0.017,2022-03-16,0.001977376880063815,0.005073769631098817,0.0927413190271695
ROOK,108.14,0.005,0.022,-0.001,2022-03-16,0.004806189375222366,4.6926314617580855,0.09310937150517357
CUNI,0.177688,0.001,0.008,0.0,2022-03-16,0.009415467684327562,0.1635531944613269,0.0937090776738857
DVI,0.348705,0.011,0.045,-0.1689999999999999,2022-03-16,0.010401387382202207,0.29914487280747387,0.0938373541816206
ALBT,0.222035,0.025,0.075,0.046,2022-03-16,0.006942826525794851,0.20051750191043638,0.09338736610510186
FIDA,1.61,0.02,0.0069999999999999,-0.114,2022-03-16,0.05151588630947692,0.959350221334602,0.09918669891124743
AGLD,1.1,-0.002,0.1889999999999999,0.098,2022-03-16,0.6727669286651866,0.7419373447293773,0.18001672422857096
XAVA,3.78,0.0289999999999999,0.032,-0.022,2022-03-16,0.008410820333422732,1.5644405465033644,0.09357836453978664
HUNT,0.769839,0.005,0.044,-0.032,2022-03-16,0.870052271470561,0.5708885819966075,0.20568521919515925
ATA,0.367835,0.031,0.0409999999999999,0.035,2022-03-16,0.125948608200274,0.3132291978908133,0.10887102679914434
BANANA,18.71,0.016,-0.141,0.708,2022-03-16,0.00660354074631809,2.9811261211646287,0.09334322214996107
TIME,118.16,0.023,0.036,-0.147,2022-03-16,0.003547103488969693,4.780467127845082,0.09207171050368378
CUSD,0.999208,0.003,0.005,0.001,2022-03-16,0.009293764818802031,0.6927511021312395,0.09369324309972657
CTK,1.18,0.016,0.04,0.04,2022-03-16,0.09523159895745309,0.7793248768009976,0.10487448358956682
ADS,3.46,0.0139999999999999,0.063,0.3289999999999999,2022-03-16,0.014775420574965028,1.4951487660319727,0.09440645296714407
YFII,2051.79,0.022,0.086,0.104,2022-03-16,0.20674705799226312,7.626955122454339,0.11938358983247532
GFARM2,2267.65,0.013,0.033,0.036,2022-03-16,0.0016467415304113676,7.72694021990675,0.09269830056625575
GTC,5.67,0.04,0.06,-0.005,2022-03-16,0.16243147912271366,1.8976198599275322,0.11361775747524515
BSW,0.357696,0.019,0.042,0.149,2022-03-16,0.06466026006353019,0.3057891454608133,0.10089689332684433
CLV,0.305749,0.02,0.01,-0.016,2022-03-16,0.10316649179167278,0.26677682249059276,0.10590688039046102
SFP,0.733022,0.027,0.023,-0.039,2022-03-16,0.18782273344435277,0.5498667054018815,0.11692137483719649
MLN,53.93,0.02,0.02,0.046,2022-03-16,0.09197171700128223,4.006059647354529,0.10445034532164596
CRA,0.908045,0.047,0.106,0.031,2022-03-16,0.032388105424042773,0.6460791576536357,0.09669801252229387
CQT,0.308264,0.022,-0.039,-0.147,2022-03-16,0.05718791371064331,0.26870106753147677,0.0999246777429583
AERGO,0.216541,0.011,0.003,-0.14,2022-03-16,0.11481371395959897,0.19601158592051873,0.10742228269729678
NRV,0.01746492327,0.001,-0.0279999999999999,-0.087,2022-03-16,0.0004775648192155686,0.017314164295672705,0.09254618076810131
BZZ,1.2,0.013,0.049,-0.008,2022-03-16,0.019357704695869688,0.7884573603642702,0.09500264696321278
QI,0.049616183289,0.036,0.011,-0.023,2022-03-16,0.12778639292863125,0.04842455761873939,0.10911013816635852
CUBE,5.9,0.024,0.055,0.114,2022-03-16,0.002918811992587219,1.9315214116032138,0.09286380771337167
RAI,3.03,0.001,-0.001,0.003,2022-03-16,0.013258372270269285,1.3937663759585914,0.09420907212668514
PEAK,0.056409521696,0.004,0.0069999999999999,-0.175,2022-03-16,0.0006813211397363087,0.05487591474365068,0.09257269119210608
PRO,1.31,0.021,-0.039,-0.1889999999999999,2022-03-16,0.018088109409376066,0.8372475245337022,0.09483746185742864
AURY,8.02,0.006,0.002,-0.008,2022-03-16,0.020026287525580444,2.199444334074532,0.09508963525517174
MUSD,0.999331,0.001,0.003,-0.0,2022-03-16,0.0027523858119036467,0.6928126246023414,0.09284215425690888
BZRX,0.177963,0.022,0.427,0.48,2022-03-16,2.2443396540767613e-07,0.16378667556803522,0.09248407473882457
FOX,0.273188,0.0139999999999999,0.001,-0.005,2022-03-16,0.008025673395752385,0.2415239913106964,0.09352825365932077
AGIX,0.084142124159,0.026,-0.003,-0.036,2022-03-16,0.01174474819410038,0.08078900527096443,0.0940121368073757
HNS,0.156275,0.019,-0.054,-0.108,2022-03-16,0.0026732582067675037,0.14520363123237565,0.09283185908492461
KIN,4.1143641e-05,-0.022,0.094,-0.008,2022-03-16,0.015659384995144875,4.1142794623617896e-05,0.09452146422924486
ATOLO,0.035663494252,0.046,0.023,-0.016,2022-03-16,0.004537680426852855,0.03504227857621667,0.0930744362155484
VADER,0.014381539264,-0.039,-0.096,-0.337,2022-03-16,0.020296254207102737,0.014279105860147663,0.09512476020823345
DPI,155.37,0.0289999999999999,0.042,0.054,2022-03-16,0.002848383674625508,5.052224993855419,0.09285464439236973
SAI,1.0,0.01749999999999995,0.01750000000000005,-0.0085,2022-03-16,0.004226139212130272,0.6931471805599453,0.09303390206339965
SOV,3.43,0.006,-0.0069999999999999,-0.071,2022-03-16,0.005602448265691287,1.4883995840570443,0.09321297153461044
BADGER,7.32,0.024,0.027,-0.006,2022-03-16,0.05684362438890251,2.1186622548331173,0.09987988278456714
TEMPLE,0.666697,0.021,-0.003,-0.025,2022-03-16,0.02073606471070481,0.5108438236003726,0.09518198328186593
WNXM,26.65,0.027,0.024,0.005,2022-03-16,0.05587615951711281,3.3196257279683437,0.09975400740609879
MFT,0.00755611809,0.011,-0.054,0.052,2022-03-16,0.8221012956731032,0.007527713624963782,0.199446390889935
DOCK,0.033479547514,0.024,-0.002,-0.0,2022-03-16,0.046003449360881986,0.032931310407344073,0.09846948414984352
EROWAN,0.091107956047,0.026,-0.024,-0.023,2022-03-16,0.054628490992075125,0.0871936534193553,0.0995916751577954
TREEB,0.225841,0.035,0.1369999999999999,0.07,2022-03-16,0.012913164508759003,0.20362713905459842,0.09416415767149677
PRE,0.179852,0.022,-0.042,0.0,2022-03-16,0.00854176424979989,0.1653890068825462,0.0935954014529736
PLTC,0.640304,-0.001,0.019,0.126,2022-03-16,0.004029785190111566,0.49488159051163855,0.09300835474115975
LEND,1.36,0.026,0.08,0.038,2022-03-16,7.378391364874853e-05,0.8586616190375187,0.09249364545050111
SHR,0.007189378251,0.013,-0.046,-0.138,2022-03-16,0.0031940514278318553,0.007163657873290355,0.09289961869637589
COVAL,0.038262750519,-0.001,0.035,-0.038,2022-03-16,0.008711784677975839,0.03754888423251348,0.09361752255149411
AVA,1.33,0.018,0.021,0.051,2022-03-16,0.05752504730735671,0.8458682675776092,0.09996854168088319
BTRFLY,114.27,0.009,0.004,-0.204,2022-03-16,0.008459975472929506,4.7472772026129215,0.09358476003999497
IRIS,0.05572426797,0.022,-0.008,-0.027,2022-03-16,0.09149177121062776,0.05422704131205671,0.10438790030704696
PCX,1.77,0.054,0.172,0.078,2022-03-16,0.0064941656026091185,1.0188473201992472,0.09332899151687986
ETH2X-FLI,66.16,0.049,0.06,0.119,2022-03-16,0.03421922886904222,4.20707783220934,0.09693625720009307
CORE,6768.4,0.016,0.031,0.004,2022-03-16,0.004313130724744998,8.820167735686312,0.09304522039638848
TT,0.007869637878,0.006,-0.003,0.018,2022-03-16,0.20042364255975748,0.007838833783670264,0.11856085989778858
SOS,1.708294e-06,0.03,0.053,-0.09,2022-03-16,0.21289589316732624,1.7082925408674666e-06,0.12018360539621233
CRE,0.007639549275,0.0139999999999999,-0.023,-0.001,2022-03-16,0.2261535375370208,0.007610515693664893,0.12190853727880048
ARPA,0.068515692234,0.0279999999999999,0.026,-0.008,2022-03-16,0.22182328852037714,0.06627048189664529,0.1213451351856331
GF,1.54,0.005,0.0069999999999999,0.0409999999999999,2022-03-16,0.10996272295824915,0.9321640810304452,0.10679112765896252
RISE,0.000950733762,0.013,0.081,0.03,2022-03-16,0.006379486325771285,0.0009502821009071939,0.09331407077112944
RARE,0.458127,0.018,0.0289999999999999,0.0289999999999999,2022-03-16,0.24781661342580108,0.3771527354171345,0.12472708703269952
OXY,0.325739,0.015,0.001,0.084,2022-03-16,0.007064329346896652,0.2819700398104108,0.09340317465178621
